{
    "42": {
        "mean_reward": -44.2109899987302,
        "std_reward": 26.76497133880142,
        "mean_length": 1000.0,
        "std_length": 0.0
    },
    "62": {
        "mean_reward": -94.98516444169564,
        "std_reward": 44.004802987788864,
        "mean_length": 988.0,
        "std_length": 33.19186647358054
    },
    "82": {
        "mean_reward": -94.35578347832231,
        "std_reward": 43.6679056533987,
        "mean_length": 970.5,
        "std_length": 70.56380091803446
    }
}