{
    "42": {
        "mean_reward": -15.535418027040086,
        "std_reward": 71.19883988722877,
        "mean_length": 972.95,
        "std_length": 91.32878790392435
    },
    "62": {
        "mean_reward": -40.61925176846211,
        "std_reward": 31.881213493313147,
        "mean_length": 1000.0,
        "std_length": 0.0
    },
    "82": {
        "mean_reward": 27.550936601038142,
        "std_reward": 123.06457293342748,
        "mean_length": 737.2,
        "std_length": 147.19667115801226
    }
}