{
    "42": {
        "mean_reward": 141.3160377244963,
        "std_reward": 111.08712010794711,
        "mean_length": 382.85,
        "std_length": 210.32528972997994
    },
    "62": {
        "mean_reward": 165.94317269067886,
        "std_reward": 103.47511038188583,
        "mean_length": 473.75,
        "std_length": 267.08123764128396
    },
    "82": {
        "mean_reward": 221.92472358613145,
        "std_reward": 66.91693346643537,
        "mean_length": 472.55,
        "std_length": 306.164085908194
    }
}