{
    "42": {
        "mean_reward": 213.81399337751637,
        "std_reward": 86.15079018016787,
        "mean_length": 306.75,
        "std_length": 194.7367132823187
    },
    "62": {
        "mean_reward": 225.12959261249722,
        "std_reward": 98.52022488388175,
        "mean_length": 327.2,
        "std_length": 227.15052278170083
    },
    "82": {
        "mean_reward": 202.92978481220484,
        "std_reward": 77.6409739063397,
        "mean_length": 340.3,
        "std_length": 156.86143566855432
    }
}