{
    "42": {
        "mean_reward": -93.30616675517908,
        "std_reward": 18.812763543096242,
        "mean_length": 728.25,
        "std_length": 373.315533429832
    },
    "67": {
        "mean_reward": -134.76008601923382,
        "std_reward": 53.26808430449656,
        "mean_length": 758.7,
        "std_length": 369.5339091341957
    },
    "136": {
        "mean_reward": -126.03756224162812,
        "std_reward": 21.10859813494591,
        "mean_length": 838.2,
        "std_length": 324.26865405092735
    }
}