{
    "42": {
        "mean_reward": -93.30616675517908,
        "std_reward": 18.812763543096242,
        "mean_length": 728.25,
        "std_length": 373.315533429832
    },
    "62": {
        "mean_reward": -84.73187293031322,
        "std_reward": 19.766277173688522,
        "mean_length": 929.7,
        "std_length": 213.74940935590905
    },
    "82": {
        "mean_reward": -120.98451878090938,
        "std_reward": 19.985911448236667,
        "mean_length": 638.2,
        "std_length": 366.0078687678722
    }
}