{
    "42": {
        "mean_reward": 158.56092229459796,
        "std_reward": 83.11804945555221,
        "mean_length": 525.05,
        "std_length": 348.05308144017346
    },
    "62": {
        "mean_reward": 167.089551463999,
        "std_reward": 120.8837554829268,
        "mean_length": 477.45,
        "std_length": 249.43245077575608
    },
    "82": {
        "mean_reward": 223.47685616510938,
        "std_reward": 99.41046712314758,
        "mean_length": 195.3,
        "std_length": 38.23231617362464
    }
}