{
    "42": {
        "mean_reward": 146.15380663764526,
        "std_reward": 119.66624351895472,
        "mean_length": 498.7,
        "std_length": 308.982054495079
    },
    "62": {
        "mean_reward": 180.05019807504078,
        "std_reward": 74.1018973396654,
        "mean_length": 576.75,
        "std_length": 272.0556698545355
    },
    "82": {
        "mean_reward": 157.03559221155723,
        "std_reward": 83.29217555623413,
        "mean_length": 634.2,
        "std_length": 341.3715863981653
    }
}