{
    "42": {
        "mean_reward": -84.8180864565146,
        "std_reward": 22.979709932472527,
        "mean_length": 873.8,
        "std_length": 300.46773537270184
    },
    "67": {
        "mean_reward": -109.27635461639412,
        "std_reward": 19.850097430359167,
        "mean_length": 875.4,
        "std_length": 296.6515464311622
    },
    "136": {
        "mean_reward": -154.17304864160656,
        "std_reward": 47.59113479921737,
        "mean_length": 792.9,
        "std_length": 338.50788764813154
    }
}