{
    "42": {
        "mean_reward": -76.4998723400482,
        "std_reward": 21.51017691321389,
        "mean_length": 1000.0,
        "std_length": 0.0
    },
    "62": {
        "mean_reward": -84.30620586665869,
        "std_reward": 22.114114494688852,
        "mean_length": 959.15,
        "std_length": 178.06102184363652
    },
    "82": {
        "mean_reward": -99.35900315235939,
        "std_reward": 19.179697753292114,
        "mean_length": 849.55,
        "std_length": 301.1795934322244
    }
}